{
    "accuracy": 0.9166666666666666,
    "sensitivity_macro": 0.9166666666666666,
    "sensitivity_per_class": {
        "glioma": 0.6666666666666666,
        "meningioma": 1.0,
        "notumor": 1.0,
        "pituitary": 1.0
    },
    "specificity_macro": 0.9722222222222222,
    "specificity_per_class": {
        "glioma": 1.0,
        "meningioma": 0.8888888888888888,
        "notumor": 1.0,
        "pituitary": 1.0
    },
    "precision_macro": 0.9375,
    "recall_macro": 0.9166666666666666,
    "f1_weighted": 0.9142857142857143,
    "f1_macro": 0.9142857142857143,
    "auc_roc_macro": 1.0,
    "auc_roc_per_class": {
        "glioma": 1.0,
        "meningioma": 1.0,
        "notumor": 1.0,
        "pituitary": 1.0
    }
}