{
    "accuracy": 0.8125,
    "sensitivity_macro": 0.8125,
    "sensitivity_per_class": {
        "glioma": 0.5,
        "meningioma": 1.0,
        "notumor": 1.0,
        "pituitary": 0.75
    },
    "specificity_macro": 0.93875,
    "specificity_per_class": {
        "glioma": 1.0,
        "meningioma": 0.88,
        "notumor": 1.0,
        "pituitary": 0.875
    },
    "precision_macro": 0.8416666666666667,
    "recall_macro": 0.8125,
    "f1_weighted": 0.8045343137254902,
    "f1_macro": 0.7990196078431373,
    "auc_roc_macro": 0.9293080357142858,
    "auc_roc_per_class": {
        "glioma": 0.8489583333333334,
        "meningioma": 0.9828571428571429,
        "notumor": 1.0,
        "pituitary": 0.8854166666666667
    }
}