{
    "accuracy": 0.86996336996337,
    "sensitivity_macro": 0.86996336996337,
    "sensitivity_per_class": {
        "glioma": 0.7509157509157509,
        "meningioma": 0.8424908424908425,
        "notumor": 0.9597069597069597,
        "pituitary": 0.9267399267399268
    },
    "specificity_macro": 0.9566544566544567,
    "specificity_per_class": {
        "glioma": 0.9731379731379731,
        "meningioma": 0.9047619047619048,
        "notumor": 0.9804639804639804,
        "pituitary": 0.9682539682539683
    },
    "precision_macro": 0.8747732565503843,
    "recall_macro": 0.86996336996337,
    "f1_weighted": 0.8698508084711154,
    "f1_macro": 0.8698508084711154,
    "auc_roc_macro": 0.9759377781355804,
    "auc_roc_per_class": {
        "glioma": 0.9624352041934459,
        "meningioma": 0.9534185797922062,
        "notumor": 0.9971241619593267,
        "pituitary": 0.9907731665973424
    }
}