{
    "accuracy": 0.75,
    "sensitivity_macro": 0.7534722222222222,
    "sensitivity_per_class": {
        "glioma": 0.5,
        "meningioma": 1.0,
        "notumor": 0.8888888888888888,
        "pituitary": 0.625
    },
    "specificity_macro": 0.9178804347826087,
    "specificity_per_class": {
        "glioma": 0.9583333333333334,
        "meningioma": 0.84,
        "notumor": 0.9565217391304348,
        "pituitary": 0.9166666666666666
    },
    "precision_macro": 0.7598845598845599,
    "recall_macro": 0.7534722222222222,
    "f1_weighted": 0.7406517094017094,
    "f1_macro": 0.7371794871794871,
    "auc_roc_macro": 0.9513149154589372,
    "auc_roc_per_class": {
        "glioma": 0.9270833333333334,
        "meningioma": 0.96,
        "notumor": 0.9806763285024155,
        "pituitary": 0.9375
    }
}