{
    "accuracy": 0.08333333333333333,
    "sensitivity_macro": 0.08333333333333333,
    "sensitivity_per_class": {
        "glioma": 0.0,
        "meningioma": 0.3333333333333333,
        "notumor": 0.0,
        "pituitary": 0.0
    },
    "specificity_macro": 0.6944444444444444,
    "specificity_per_class": {
        "glioma": 1.0,
        "meningioma": 0.5555555555555556,
        "notumor": 0.2222222222222222,
        "pituitary": 1.0
    },
    "precision_macro": 0.05,
    "recall_macro": 0.08333333333333333,
    "f1_weighted": 0.0625,
    "f1_macro": 0.0625,
    "auc_roc_macro": 0.21296296296296297,
    "auc_roc_per_class": {
        "glioma": 0.1111111111111111,
        "meningioma": 0.22222222222222224,
        "notumor": 0.0,
        "pituitary": 0.5185185185185185
    }
}