Pair,McNemar Stat,p-value,Significant (p < 0.05),Accuracy Improvement (%),Sensitivity Improvement (%),F1 Improvement (%)
Baseline A vs Quantum A,8.411214953271028,0.003729133638196256,True,3.2631578947368434,3.2631578947368305,3.2692790483118928
Baseline B vs Quantum B,6.47191011235955,0.010959268093534692,True,2.6315789473684243,2.6315789473684115,2.664485016971423
Baseline C vs Quantum C,0.0,1.0,False,0.0,0.0,0.0
