{
    "accuracy": 0.6875,
    "sensitivity_macro": 0.6865079365079365,
    "sensitivity_per_class": {
        "glioma": 0.5,
        "meningioma": 0.8571428571428571,
        "notumor": 0.8888888888888888,
        "pituitary": 0.5
    },
    "specificity_macro": 0.8987137681159421,
    "specificity_per_class": {
        "glioma": 0.9583333333333334,
        "meningioma": 0.68,
        "notumor": 0.9565217391304348,
        "pituitary": 1.0
    },
    "precision_macro": 0.7793650793650794,
    "recall_macro": 0.6865079365079365,
    "f1_weighted": 0.6955128205128205,
    "f1_macro": 0.6855921855921855,
    "auc_roc_macro": 0.9008681633885438,
    "auc_roc_per_class": {
        "glioma": 0.8802083333333334,
        "meningioma": 0.8114285714285714,
        "notumor": 0.9951690821256038,
        "pituitary": 0.9166666666666666
    }
}