{
    "accuracy": 0.8928571428571429,
    "sensitivity_macro": 0.8928571428571428,
    "sensitivity_per_class": {
        "glioma": 0.8241758241758241,
        "meningioma": 0.8534798534798534,
        "notumor": 0.945054945054945,
        "pituitary": 0.9487179487179487
    },
    "specificity_macro": 0.9642857142857143,
    "specificity_per_class": {
        "glioma": 0.978021978021978,
        "meningioma": 0.9340659340659341,
        "notumor": 0.9841269841269841,
        "pituitary": 0.960927960927961
    },
    "precision_macro": 0.8949591250944419,
    "recall_macro": 0.8928571428571428,
    "f1_weighted": 0.8928012521188585,
    "f1_macro": 0.8928012521188584,
    "auc_roc_macro": 0.9799362216944635,
    "auc_roc_per_class": {
        "glioma": 0.970042981031992,
        "meningioma": 0.9626543582587539,
        "notumor": 0.994275159110324,
        "pituitary": 0.9927723883767839
    }
}