{
    "accuracy": 0.8333333333333334,
    "sensitivity_macro": 0.8333333333333333,
    "sensitivity_per_class": {
        "glioma": 0.6666666666666666,
        "meningioma": 1.0,
        "notumor": 1.0,
        "pituitary": 0.6666666666666666
    },
    "specificity_macro": 0.9444444444444444,
    "specificity_per_class": {
        "glioma": 0.8888888888888888,
        "meningioma": 0.8888888888888888,
        "notumor": 1.0,
        "pituitary": 1.0
    },
    "precision_macro": 0.8541666666666666,
    "recall_macro": 0.8333333333333333,
    "f1_weighted": 0.830952380952381,
    "f1_macro": 0.8309523809523809,
    "auc_roc_macro": 0.9722222222222222,
    "auc_roc_per_class": {
        "glioma": 0.9629629629629629,
        "meningioma": 1.0,
        "notumor": 1.0,
        "pituitary": 0.9259259259259259
    }
}