{
    "accuracy": 0.8333333333333334,
    "sensitivity_macro": 0.8333333333333333,
    "sensitivity_per_class": {
        "glioma": 0.3333333333333333,
        "meningioma": 1.0,
        "notumor": 1.0,
        "pituitary": 1.0
    },
    "specificity_macro": 0.9444444444444444,
    "specificity_per_class": {
        "glioma": 1.0,
        "meningioma": 0.8888888888888888,
        "notumor": 1.0,
        "pituitary": 0.8888888888888888
    },
    "precision_macro": 0.875,
    "recall_macro": 0.8333333333333333,
    "f1_weighted": 0.8035714285714285,
    "f1_macro": 0.8035714285714286,
    "auc_roc_macro": 1.0,
    "auc_roc_per_class": {
        "glioma": 1.0,
        "meningioma": 1.0,
        "notumor": 1.0,
        "pituitary": 1.0
    }
}