{
    "accuracy": 0.8983516483516484,
    "sensitivity_macro": 0.8983516483516483,
    "sensitivity_per_class": {
        "glioma": 0.8278388278388278,
        "meningioma": 0.8681318681318682,
        "notumor": 0.945054945054945,
        "pituitary": 0.9523809523809523
    },
    "specificity_macro": 0.9661172161172161,
    "specificity_per_class": {
        "glioma": 0.9731379731379731,
        "meningioma": 0.9365079365079365,
        "notumor": 0.9853479853479854,
        "pituitary": 0.9694749694749695
    },
    "precision_macro": 0.899798946010709,
    "recall_macro": 0.8983516483516483,
    "f1_weighted": 0.8982886587040332,
    "f1_macro": 0.8982886587040332,
    "auc_roc_macro": 0.9861653405609448,
    "auc_roc_per_class": {
        "glioma": 0.9779325273830768,
        "meningioma": 0.9754010743021732,
        "notumor": 0.996162567591139,
        "pituitary": 0.9951651929673907
    }
}